{"color": [0.00392156862745098, 0.00392156862745098, 0.00392156862745098], "reflection": 1.0, "refraction": 0, "diffuse_c": 1.0, "specular_c": 1.0, "centro": [1.0, 1.0, 1.0], "radio": 1.0}