{"esferas": [{"color": [1.0, 0.39215686274509803, 0.19607843137254902], "reflection": 0.0, "refraction": 0, "diffuse_c": 1.0, "specular_c": 1.0, "centro": [0.0, 0.0, 4.0], "radio": 0.6}]}