{"esferas": [{"color": [0.39215686274509803, 0.0784313725490196, 0.0784313725490196], "reflection": 0.5, "refraction": 0.0, "diffuse_c": 1.0, "specular_c": 1.0, "centro": [1.0, 0.5, 2.0], "radio": 0.5}]}