{
  "esferas": [
    {
      "color": [0.7529411764705882, 0.5019607843137255, 1.0],
      "reflection": 0.0,
      "refraction": 0,
      "diffuse_c": 1.0,
      "specular_c": 1.0,
      "centro": [1.5, 1.0, 2.0],
      "radio": 0.4
    }
  ]
}
