{"esferas": [{"color": [0.47058823529411764, 0.39215686274509803, 0.19607843137254902], "reflection": 0.5, "refraction": 0, "diffuse_c": 1.0, "specular_c": 1.0, "centro": [1.5, 1.0, 3.0], "radio": 0.6}]}